projectId,projectName,teamId
p01,Helios Initiative,alpha
p02,Orion Protocol,bravo
p03,Cyber-Sentry,charlie
p04,Quantum Leap,delta
p05,Hydra Network,echo
p06,Project Chimera,foxtrot
p07,Goliath Engine,golf
p08,Phoenix Framework,hotel
p09,Vanguard System,india
p10,Titan Analytics,juliett
p11,Odyssey Platform,kilo
p12,Spectre Protocol,lima
p13,Aegis Security,mike
p14,Cerberus Gateway,november
p15,Nomad Drones,oscar
p16,Apollo Core,romeo
p17,Valkyrie Engine,sierra
p18,Nebula Analytics,tango
p19,Stardust Initiative,uniform
p20,Everest Platform,victor
